name,sortId
一次性透明盒子,4
一次性餐具,4
一次性餐具包装,4
一次性餐盒,4
一次性洗脸巾,4
一次性伞套,4
一次性用品,4
一次性电子烟,4
一次性尿布,4
一次性剃须刀片,4
一次性手套,4
一次性塑料勺子,4
一次性塑料手套,4
一次性塑料杯,4
一次性塑料浴帽,4
一次性塑料盘,4
一次性塑料袋,4
一次性塑料调羹,4
一次性塑料鞋套,4
一次性塑料餐盒,4
一次性打火机,4
一次性杯子,4
一次性筷子,4
一次性内裤,4
一次性咖啡纸杯,4
一次性碗,4
一次性莱盒,4
一次性纸杯,4
一次性纸餐盘,4
一次性便当盒,4
一次性叉子,4
一次性拖鞋,4
一次性保鲜膜,4
一次性口罩,4
一次性注射器,2
一次性竹筷子,4
一次塑料杯,4
刀,1
一般铁罐,1
刀片,1
一块墙皮,4
开塞露,2
稀饭,3
开关,1
开心果,3
开心果壳,3
开心果壳,4
退烧贴,4
退热贴,4
锁,1
洁厕液瓶,1
洁厕灵瓶子,1
锁头,1
丁字裤,4
老干妈瓶子,1
老干妈辣酱,3
封箱带,4
老花眼镜,4
老花镜,4
洁面仪,1
洁面摩丝,4
丁香,3
老鼠,3
老鼠药,2
挂历,1
挂号纸,1
锂电池,2
漂白剂罐,2
漂白粉,4
砂皮,4
砂纸,4
挂耳咖啡,4
挂耳咖啡包,4
蜂蜜,3
蜂蜜柚子茶玻璃罐,1
蜂蜜罐,1
挂钟,1
砂锅,4
布,1
布丁,3
布偶,1
调制海藻面膜,3
吃剩下的牡蛎壳,4
吃剩下的葡萄杆,3
吃剩的快餐,3
布包,1
考卷,1
调味品,3
调味料,3
调味袋,4
布娃娃,1
球拍,1
布料,1
调料包,4
调料袋,4
布条,1
布玩偶,1
布类,1
调色板,2
布艺窗帘,1
布袋,1
考试卷,1
吃过的奇趣蛋,4
吃过的棒棒糖,4
吃过的甘蔗,3
布鞋,1
球鞋,1
布鞋,1
球鞋,1
布鞋套,1
茄子,3
各式皮包,1
各类刀、刀片,1
各类过期药品,2
各类过期食品,3
锅,1
包书纸,1
包书膜,4
清凉贴,4
包包,1
椅子,1
包子,3
锅巴,3
清扫渣土,4
搅拌勺,4
搅拌器,1
搅拌棒,4
清洁剂瓶,1
清洁抹布,4
清洁瓶,1
锅盖,4
包装干燥剂,4
包装用纸,1
包装盒,1
包装纸,1
包装薄膜,4
包装袋,4
包裹着口香糖的纸巾,4
包裹着狗屎的塑料袋,4
包裹着狗屎的报纸,4
包裹着狗屎的纸巾,4
包裹着猫屎的塑料袋,4
包裹着猫屎的猫砂,3
包裹着猫屎的膨润土猫砂,4
包裹着猫屎的豆腐猫砂,3
包裹着痰的纸巾,4
包裹着西瓜籽的纸巾,4
包裹着鸡蛋壳的餐巾纸,4
包裹着鼻屎的纸巾,4
包裹着鼻涕的纸巾,4
帆布包,1
帆布袋,1
帆布鞋,1
脆枣,3
漆桶,2
圆珠笔,4
圆珠笔笔套,1
圆珠笔芯,4
爆竹,4
爆米花,3
圆规,1
脆骨,3
震动棒,1
指南针,1
指甲,4
指甲刀,1
指甲油,2
指甲油瓶子,2
指甲片,4
指甲钳,1
标签,4
标签卡,4
标签纸,4
标签色带,4
万能胶水,4
唇膏,4
唇釉,4
月季,3
合金玩具,1
合金筷子,1
月饼,3
月饼盒,1
三七粉,3
吉他,1
吉他弦,4
脉动饮料瓶,1
有害垃圾,2
按摩棒,4
三文鱼,3
三明治,3
三明治包装,4
有机溶剂,2
有机溶剂包装,2
有机玻璃,1
三杯鸡,3
三极管,1
有污渍的餐盒,4
琉璃,1
眉笔,4
眉粉,4
三角裤,4
焊丝,1
吊牌,4
上衣,1
笋壳,3
洋山芋,3
笋干,3
下水道杂物,4
下水道淤泥,4
笋皮,3
洋葱皮,3
洋装,1
洋钉,1
复写纸,4
复印件版纸,1
复印机,1
复印纸,1
复合包装,4
不干胶带,4
不干胶纸,4
名片,1
植物,3
植物枝干,3
植物硬壳,4
名画,4
不粘锅,1
服装,1
不锈钢,1
不锈钢刀,1
不锈钢勺子,1
不锈钢垃圾桶,1
不锈钢尺,1
不锈钢晾衣杆,1
不锈钢杯,1
不锈钢杯子,1
明信片,4
缎带,1
小刀,1
夏威夷果,4
夏威夷果壳,4
夏威夷果的壳,4
脏布,4
透明塑料药瓶,2
透明打包盒,4
透明胶,4
透明胶带,4
意大利面,3
小木棍,1
小核桃壳,4
小核桃肉,3
小笼包,3
脏牛奶盒,4
脏污衣服,4
脏污衣物,4
小票,4
小孩尿布,4
脏卫生巾,4
小葱,3
小米,3
脏卸妆棉,4
小广告,1
小肉骨头,3
小排,3
小排骨,3
小龙虾,3
小龙虾壳,3
小龙虾头,3
小龙虾肉,3
小龙虾黄,3
脏袜子,1
小骨,3
脏纸尿裤,4
小纸屑,4
脏纸巾,4
脏抹布,4
脏玻璃瓶,4
小提琴,1
小修正带,4
成人尿布,4
成人用品,4
成分复杂的制品,4
餐厅纸,4
餐巾,4
餐巾纸,4
餐盒,4
帐篷,1
餐纸,4
餐饮外卖盒,4
树叶,3
树叶是那种垃圾,3
少年报,1
向日葵花束,3
树枝,4
树根,3
树皮,3
树脂,2
蘑菇,3
少量泥土,4
休闲鞋,1
戒指,1
易拉宝,1
易拉罐,1
易拉罐拉环,1
易拉罐盖,1
鼓棒,1
搓澡巾,4
蔓藤,3
搓衣板,1
笔,4
演唱会票,4
笔囊,4
气垫BB霜,4
气垫梳,1
气垫膜,4
笔壳,4
笔套,4
笔屑,4
笔杆,4
气泡垫,4
气泡纸,4
气泡缓冲材料,1
气泡膜,4
气泡袋,4
气球,4
笔盒,1
笔盖,4
笔芯,4
笔袋,4
笔记本,1
笔记本电源,1
笔记本电脑,1
笔记本电脑电池,2
笔记本纸,1
猕猴桃,3
猕猴桃皮,3
外卖塑料盒,4
外卖塑料袋,4
外卖盒,4
外卖盒子,4
外卖纸盒,4
外卖餐具,4
外卖餐盒,4
外卖饭盒,4
砖块,4
砖头,1
外套,1
化妆刷,4
化妆品外包装纸盒,1
化妆品密封塑料膜,4
化妆品玻璃瓶,1
化妆品瓶,1
化妆品瓶盖,4
化妆棉,4
化妆水瓶,1
化妆镜,4
化学剂桶,2
化学试剂包装玻璃瓶,2
外敷伤药,2
砖瓦陶瓷,4
化纤衣物,1
编织袋,4
北京烤鸭,1
北京烤鸭,3
洗净后的牛奶盒,1
洗发水,4
洗发水瓶,1
洗发精,4
洗发露瓶,1
洗头膏,4
栗子,3
栗子壳,3
洗手液瓶,1
洗手液空瓶,1
耗油瓶,1
洗洁精瓶,1
洗洁精空瓶,1
洗涤液包装袋,4
洗涤液瓶,1
洗澡掉的头发,4
蜗牛,3
蜗牛壳,4
逗猫棒,4
洗碗布,4
洗碗机,1
蔗糖,3
洗脸仪,1
洗脸巾,4
洗衣机,1
洗衣液包装袋,4
洗衣液桶,1
洗衣液瓶,1
洗衣粉,4
洗衣粉袋,4
洗面奶瓶,1
尘土,4
刘海夹,4
优盘,1
甘蔗,3
甘蔗渣,3
甘蔗皮,4
蜘蛛,3
丙烯,4
丙烯颜料,4
砚台,4
会员卡,1
脚垫,1
多宝鱼骨头,3
脚指甲,4
脚皮,4
脚盆,1
多肉,3
多肉植物,3
脚趾甲,4
脚踏板,4
创口贴,4
创可贴,4
望远镜,1
甜卢蜀,3
甜品,3
甜瓜,3
甜甜圈,3
甜芦栗,3
甜芦栗皮,4
甜芦粟,3
甜芦粟皮,4
甜芦黍,3
蜜蜡,1
蜜饯,3
蜜饯塑料罐,1
萝卜,3
萝卜干,3
贝壳,4
贝壳的肉,3
贝壳类,4
贝壳肉,3
丝带,1
帝王蟹壳,4
丝瓜,3
丝瓜瓤,3
丝瓜皮,3
丝瓜筋,4
缝纫针,4
丝绸,1
丝绸制品,1
丝袜,4
伞,4
感光片,2
感光胶片,2
感冒药,2
速冻水饺,3
速冻食品保温袋,1
速冻饺子,3
速冻饺子包装,4
速冻馄饨,3
生姜,3
星巴克咖啡杯,4
星巴克塑料杯,4
星巴克杯托,1
星巴克纸杯,4
星巴克纸袋,1
生日蜡烛,4
速溶咖啡包装,4
速溶饮料粉末,3
生煎,3
生煎包,3
生物冰袋,4
真皮制品,1
生石灰,2
真空压缩袋,1
真空袋,4
鸟笼,4
鸟粪,3
鸟粮,3
生肉,3
樟脑丸,2
生菜,3
生蚝,4
生蚝壳,4
生蚝肉,3
土豆,3
土豆泥,3
土豆皮,3
生鸡蛋壳,3
传单,1
鼠标,1
鼠标垫,4
传真机,1
传真纸,1
素菜,3
蜡笔,4
鸡脚抓,3
鸡脚爪,3
鸡爪,3
鸡,3
鸡头,3
鸡屁股,3
鸡屎,3
鸡软骨,3
鸡腿,3
鸡肉,3
鸡排,3
锡箔,4
锡箔纸,4
锡箔餐盒,4
鸡肝,3
鸡骨,3
鸡骨头,3
鸡骨架,3
鸡皮,3
锡纸,1
蜡纸,4
锡纸,4
锡纸盒,4
锡纸盘,4
蜡油,4
鸡精,3
鸡翅,3
鸡翅膀,3
鸡翅骨头,3
鸡蛋,3
鸡蛋仔,3
鸡蛋包装盒,1
鸡蛋卷,3
鸡蛋塑料保护壳,1
鸡蛋壳,3
鸡蛋皮,3
鸡蛋盒,1
鸡蛋饼,3
蜡烛,1
鸡毛,4
蜡烛,4
鸡毛,4
蜡烛包装,4
蜡烛塑料模,4
蜡烛塑料膜,4
鸡毛掸,4
鸡毛掸子,4
鸡旦壳,3
鸡胸,3
氢气球,4
氢气球充气钢瓶,1
氢气罐,1
渣土,4
圣女果,3
锤子,1
萤石,4
伤筋膏药,2
伤筋膏药包装,2
伤筋药膏包装,2
营养土,4
营养琼脂,3
急支糖浆,2
春梅,3
账单,1
带子壳,3
带有婴儿粪便的尿不湿,4
带有婴儿粪便的纸尿裤,4
带油抹布,4
带胶制品,4
氧化汞电池,2
大哥大,1
大块骨头,4
大头针,4
大头钉,4
大排,3
大提琴,1
砧板,1
大白兔奶糖,3
大白菜,3
大米,3
大米袋,4
大葱,3
大蒜,3
大蒜叶,3
大蒜皮,3
大衣,1
大豆,3
大闸蟹,3
大闸蟹壳,3
大饼,3
大骨,4
大骨（如：猪腿骨）,4
大龙虾,3
大龙虾壳,4
大龙虾头,4
木椅,1
木砧板,1
木质拖把杆,1
木质拼板,1
木质搅拌棒,4
木质擀面杖,1
木质晾衣架,1
木质梳子,4
木质猫爬架,1
木质玩具,1
木质积木,1
木质花架,1
木质菜板,1
木质锅铲,1
木耳,3
木头,1
木头铅笔,4
木制品,1
木屑,4
木塞,4
木条,1
木桶,1
木筷,1
木筷子,1
木板,1
用的创可贴,4
木炭,4
木薯淀粉,3
木梳,1
木梳子,1
茨菇,3
用过的避孕套,4
木棍,1
木棒,1
木盒,1
木盒子,1
木雕,1
木瓜,3
木瓜仔,3
木瓜籽,3
木积木,1
木铲板,1
木凳,1
木瓶塞,4
木勺,1
利乐包,1
利乐枕,1
利乐砖,1
温度计,2
猪,3
个人计算机,1
未使用的餐巾纸,4
猪大骨,4
簪子,1
猪小排,3
猪扒,3
瘪掉的篮球,1
猪排,3
猪爪骨头,3
搪瓷,1
搪瓷杯,4
搪瓷碗,1
猪皮,3
太空望远镜,1
太空沙,4
猪肉,3
猪肉排骨,3
猪肉脯,3
猪肉铺,3
猪肋排,3
猪肝,3
猪脑,3
猪脚,3
猪腿骨,4
未被污染的输液瓶,1
未被污染的输液袋,1
猪蹄,3
猪蹄骨,3
太阳帽,1
太阳眼镜,4
太阳能热水器,1
太阳能热水管,1
太阳能电池,2
太阳镜,4
猪骨头,4
猫冻干,3
夫妻肺片,3
猫屎,3
猫屎咖啡,3
猫毛,4
含汞体温计,2
含汞温度计,2
含汞电池,2
含汞血压计,2
猫沙,4
含油抹布,4
漫画,1
漫画书,1
猫砂,4
紫砂壶,4
紫砂碎片,4
紫砂茶具,4
猫粮,3
猫粮包装袋,4
猫罐头,4
紫菜,3
紫薯皮,3
别针,4
猫饲料,3
本子,1
蔬果,3
蔬菜,3
蔬菜包装盒,4
蔬菜包装袋,4
蔬菜残余,3
蔬菜茎叶,3
鸭锁骨,3
鸭下巴,3
鸭舌,3
中成药,2
鸭脖,3
鸭脖子,3
中性笔,4
鸭爪,3
鸭,3
鸭头,3
鸭血,3
鸭屁股,3
中草药,3
中草药材,3
席子,4
购物卡,1
购物卡,4
购物小票,4
购物纸袋,1
中药,3
中药包,4
中药敷贴,4
中药渣,3
中药袋,4
中药面膜,4
茭白,3
茭白叶,3
茭白皮,3
鸭腿,3
鸭肉,3
鸭掌,3
鸭骨,3
鸭骨头,3
鸭皮,3
鸭架,3
鸭翅,3
鸭蛋壳,3
鸭毛,4
键盘,1
键盘清洁胶,4
刮胡子刀片,1
氯化钙除湿剂,4
地图,1
椰壳,4
椰奶盒,1
椰奶罐,1
椰子,4
椰子壳,4
地板砖,1
地板蜡,4
椰果,3
地毯,1
椰汁瓶,1
地球仪,1
地瓜皮,3
椰肉,3
田螺,3
田螺壳,3
田螺壳,4
田螺肉,3
地铁票,1
椰青壳,4
漱口水塑料空瓶,1
漱口水瓶,1
漱口水瓶子,1
1号电池（无汞）,4
脱排油烟机,1
樱桃,3
樱桃干,3
樱桃核,3
樱桃梗,3
脱毛膏,4
脱氧保鲜剂,4
脱氧剂,4
脱水机,1
唱片,4
樱花,3
脱酸素剂,4
串串竹签,4
串串纸杯,4
防撞塑料,4
防晒喷雾,4
防晒衣,1
防晒霜,4
防晒霜塑料空瓶,1
防晒霜玻璃空瓶,1
防晒霜空瓶,1
防晒霜罐,1
甲油,2
防油纸,4
防滑垫,1
防潮剂,4
防潮盒,1
防潮袋,4
防碎气泡膜,4
防腐剂,4
防蚊手环,4
防蚊贴,4
防震膜,4
防霉防蛀片,4
甲鱼,3
甲鱼壳,4
甲鱼小骨,3
3.5英寸软盘,4
耳塞,4
耳套,1
耳屎,4
耳机,1
耳环,1
耳钉,1
破布,1
水笔,4
水笔外壳,4
水笔笔芯,4
水笔芯,4
水蜜桃,3
水蜜桃核,3
水蜜桃肉,3
琴弦,4
水性漆,2
水性笔,4
水草,3
头屑,4
破损垃圾袋,4
破损瓷器,4
水彩,4
水彩笔,4
水彩颜料,4
水煮肉片,3
水煮花生壳,3
头饰,4
水晶板,1
水晶泥,4
水晶猫砂,4
水饺,3
水饺包装袋,4
水饺袋,4
破的碗,4
破了的碗,1
水粉颜料,4
破碎盘子,4
破碗,4
水斗漏网,4
茴香,3
水龙头,1
水果,3
水果刀,1
水果包装袋,4
水果塑料盒,4
水果干,3
水果皮,3
水果罐,4
水果网套,1
水果脆,3
水果茎枝,3
水果软核,3
水垢,4
水产及其加工食品,3
水产类弃物,3
头皮屑,4
贴纸,4
头发,4
头盔,4
水泥砖,1
头绳,4
水银,2
水银体温计,2
水银温度计,2
破瓷品,4
破瓷瓶,4
水培植物,3
水槽过滤网,1
电锅,1
电缆,1
电焊丝,1
电脑,1
电脑包,1
电脑小音响,1
电脑屏幕,1
电脑机箱,1
电脑设备,1
电脑配件,1
电锯,1
502胶水,4
电水壶,1
电费账单,1
电吹风,1
电阻,1
电扇,1
电子书阅读器,1
电子产品,1
电子手表,1
电子温度计,1
电子灭蚊拍,1
电子烟烟弹,4
电子琴,1
电子血压仪,1
电子表,1
电子镇流器,1
电池,2
电器,1
电器产品,1
电表盒,1
电饭煲,1
电灯,1
电灯泡,2
电影票,1
电影票,4
电影胶片,2
电蚊拍,1
电蚊香夜瓶,4
电蚊香液瓶,4
电蚊香片,4
电源器,1
电源插头,1
电源线,1
电暖炉,1
电炖锅,1
电动保温箱,1
电动刮痧板,1
电动剃须刀,1
电动卷发棒,1
电熨斗,1
电动牙刷,1
电动牙刷刷头,4
电动玩具,1
电冰箱,1
电蒸锅,1
电容,1
电容器,1
电钻,1
电线,1
电磁炉,1
电视,1
电视机,1
电视机顶盒,1
电风扇,1
电话,1
电话卡,4
电话机,1
电话簿,1
电烤箱,1
电热毯,1
电热水壶,1
电热水袋,1
电路主板,1
电路板,1
电瓶,1
电瓶车防晒垫,1
5号电池（无汞）,4
茶,3
茶几,1
茶包,4
茶叶,3
茶叶包,4
茶叶渣,3
茶叶罐,1
茶叶蛋壳,3
茶壶,4
收据,4
茶渣,3
茶碗,4
收纳箱,1
茶袋,4
收银小票,1
收银条,1
收银条,4
收音机,1
茶饼,3
7号电池（无汞）,4
谷物,3
84消毒液瓶,4
84消毒液空瓶,2
吸味剂,4
吸尘器,1
吸尘器灰尘,4
游戏币,1
游戏手柄,1
游戏机,1
脸摩仪,1
核桃,3
核桃壳,4
核桃肉,3
吸油纸,4
吸油面纸,4
游泳眼镜,4
游泳裤,1
常温牛奶盒,1
常温牛奶盒子,1
吸湿剂,4
吸潮剂,4
永生花,4
脸盆,1
吸管,4
吸管塑料包装,4
吸管塑料袋,4
吸管纸质包装,3
吸管薄膜,4
蘸酱,3
蘸酱盒,4
吸铁石,1
吸门器,1
吸顶灯,2
夹克,1
弹簧,1
根茎蔬菜,3
吹风机,1
尺,4
强化玻璃,1
贺卡,1
尺子,1
机械表,1
机票,4
机箱,1
机顶盒,1
鼻屎,4
活性炭,4
活性炭滤芯,4
主机板,1
主板,1
画框,1
鼻毛,4
鼻涕纸,4
医用冰袋,4
医用手套,2
医用棉签,2
医用注射器,2
医用纱布,2
医用针管,2
画笔,4
画纸,1
稻草,4
鼻贴,4
眼屎,4
眼影,4
眼线液,4
眼线笔,4
琼脂,3
眼膜,4
眼药水,2
眼药水瓶,2
眼药膏,2
眼贴膜,4
眼部精华胶囊,4
眼镜,4
眼镜布,4
眼镜架,4
眼镜框,4
眼镜盒,4
眼霜,4
眼霜罐,1
尼龙丝袜,4
尼龙制品,4
尼龙绳,4
尼龙袋,1
落发,4
落叶,3
帽子,1
鸽子,3
鸽子粪,3
鸽毛,4
爽生粉,4
鸽粪,3
爽肤水塑料空瓶,1
爽肤水玻璃空瓶,1
爽肤水瓶,1
落花生,3
爽身粉,4
搽鼻涕纸,4
显卡,1
放大镜,1
显示器,1
显示屏,1
显示屏幕,1
尿不湿,4
阿司匹林,2
尿垫,4
阿尔卑斯糖,3
尿布,4
尿片,4
儿童尿不湿,4
儿童玩具,1
儿童电动玩具,1
阿胶,3
阿胶糕,3
尿裤,4
血压计,1
血压计,2
杀毒剂,2
血糖试纸,4
杀菌剂,2
杀虫剂,2
杀虫剂瓶,2
杀虫剂罐,2
杀虫喷雾,2
杀虫喷雾瓶,2
杀虫喷雾罐,2
杀虫子灌,2
杀虫子罐,2
A4纸,1
A4纸包装袋,4
AD钙奶瓶,1
扁豆,3
桂圆,3
桂圆壳,3
桂圆干,3
桂圆核,3
杂志,1
桂皮,3
桂花糕,3
杂草,3
杂菜,3
CD,4
CD塑料盒,1
CD机,1
CPU,1
桃仁,3
桃子,3
桃子核,4
桃子皮,3
桃板,3
桃核,3
剃须刀,1
剃须刀片,1
剃须泡沫罐,4
剃须泡瓶,1
DVD,4
摄像头,1
摄像机,1
橄榄核,3
橄榄球,1
蹄膀,3
蹄膀骨头,4
蹄髈,3
鹅,3
充气娃,1
充电 牙刷,1
充电器,1
充电宝,1
充电热水袋,1
充电牙刷,1
充电电池,2
充电线,1
充电装置,1
硅胶,4
硅胶手环,4
硅胶猫砂,4
硅胶玩具,1
硅胶铲,4
硅藻泥,4
鹅骨头,3
豆制品,3
豆干,3
豆杆,3
商标,4
豆浆机,1
豆浆杯,4
豆浆杯盖,4
豆浆渣,3
豆浆袋,4
豆浆袋子,4
豆渣,3
豆类,3
浆糊,4
捆绑带,4
豆腐,3
豆腐乳,3
豆腐干,3
豆腐猫砂,3
豆腐盒,4
豆芽,3
豆角壳,3
假发,4
假发套,4
扇子,4
奇异果,3
镇流器,1
假牙,4
假睫毛,4
假睫毛胶水,4
扇贝,4
扇贝壳,3
扇贝肉,3
陈皮,3
午餐肉,3
午餐肉罐,1
午餐肉罐头,1
午饭,3
草,3
IPHONE手机,1
汉堡,3
汉堡包,3
汉堡盒,4
汉堡纸,4
草席,4
草帽,4
草木灰,4
草本植物,3
草皮,3
光盘,4
光碟,4
光碟包,4
草稿本,1
草稿纸,1
草稿纸,4
草纸,4
光胶片,2
草药,3
草莓,3
草莓叶,3
镉镍电池,2
光驱,1
腊肉,3
KFC纸盒,4
KFC纸袋,1
KFC食物包装,4
KINDLE壳,4
Kindle,1
手串,4
手册,1
手办,1
手帕,4
手抄报,4
手指甲,4
手指甲脚趾甲,4
手提电脑,1
手撕猪肉,3
手擀面,3
手机,1
手机充电器,1
手机充电宝,1
手机壳,4
手机屏,1
手机支撑架,1
手机电池,2
手机绳,4
手机膜,4
手机链,4
腋毛,4
手环,4
手电筒,1
手纸,4
测血糖计,4
测血糖试纸,4
测血糖针,4
手表,1
测试卷子,1
手链,1
手镯,1
手风琴,1
LED 灯（含水银）,2
LED灯(含水银),2
LED灯泡,2
桌布,1
行李箱,1
乌梅壳,3
灌汤包,3
豌豆壳,3
豌豆殼,3
豌豆皮,3
行车记录仪,1
乌龙茶,3
乌龟壳,4
前女友,1
镍氢电池,2
前男友,2
镍铝电池,2
镍镉电池,2
华为P20,1
华为手机,1
李子,3
李子核,3
扎带,4
N次贴,4
低温牛奶盒子,1
虎牙,4
煎鍋,1
煎饼,3
煎饼果子,3
杏,3
坏了的玩具,1
坏了的碗,1
杏仁,3
杏仁壳,3
杏仁核,3
杏仁饼,3
坏发卡,4
杏子核,3
屏幕,1
杏核,3
坏的花盆,4
坏钢笔,4
坏马桶,4
PET塑料瓶,1
PET瓶,1
PH试纸,4
PIZZA盒,4
PS4,1
PU革,1
PVC瓶,1
乐乐茶杯,4
腐乳瓶,1
乐事薯片,3
乐事薯片盒,4
乐利包,1
罐头,1
罐头瓶,1
子弹,4
乐扣,1
乐扣乐扣,1
乐扣乐扣塑料盒,1
乐扣塑料盒,1
乐扣玻璃盒,1
佐料瓶,1
腐烂蔬菜,3
腐肉,3
乐高,1
乐高玩具,1
塑封袋,4
网球,4
塑复钢管,1
扑克,1
扑克牌,1
网卡,1
塑料挂钩,4
塑料调色盘,1
塑料包装,1
塑料包装纸盒,1
塑料锅铲,1
塑料标签,1
塑料餐具,1
塑料笔杆,4
塑料外卖盒,4
塑料模型,1
塑料带,4
塑料砧板,1
塑料,1
塑料购物袋,4
塑料水果筐,1
塑料水管,1
塑料收纳盒,1
塑料收纳箱,1
塑料刷子,4
塑料脸盆,1
塑料吸管,4
塑料夹子,4
塑料尺,1
塑料假花,1
塑料桌布,1
塑料筐,1
塑料打包盒,4
塑料托盘,1
塑料牙签,4
塑料卡片,1
塑料衣架,1
塑料档案袋,1
塑料表带,4
塑料饭盒,1
塑料饮料杯,1
塑料杯,1
塑料杯套,1
塑料药瓶,2
塑料药盒,2
塑料米袋,1
塑料桶,1
塑料筷子,1
塑料酸奶盒,1
塑料晾衣杆,1
塑料晾衣架,1
塑料垃圾桶,1
塑料垃圾袋,4
塑料薄膜,4
塑料文件袋,1
塑料袋,4
塑料咖啡杯,4
塑料碗,1
塑料沙漏,1
塑料膜,1
塑料管道,1
塑料储物箱,1
塑料玩具,1
塑料玩具车,1
塑料花,4
塑料花盆,1
塑料梳子,1
塑料架,1
塑料纸,1
塑料油壶,4
塑料纽扣,1
塑料擀面杖,1
塑料盆,1
塑料叉子,4
塑料盒,1
塑料盖,1
塑料盖子,4
塑料拖把杆,1
塑料糖纸,4
塑料拖鞋,1
塑料拖鞋,4
塑料泡沫,1
塑料日用品,1
塑料篮筐,1
塑料积木,1
塑料壳,1
塑料凳,1
塑料瓶瓶盖,1
塑料瓶盖,1
塑料勺,4
网线,1
桑叶,3
塑胶制资料夹,1
塑胶菜蓝子,1
乒乓板,4
乒乓球,1
乒乓球,4
乒乓球拍,1
乒乓糯米滋,3
乒乓糯米糍,3
青口贝,4
青椒,3
青椰,4
酒瓶,1
酒瓶塞子,4
酒精,2
酒精棉,4
酒精棉片,4
酒精棉球,4
酒精棉花,4
酒精瓶,1
青草,3
青草膏,4
青菜,3
青菜杆,3
青蟹,3
青蟹壳,3
青豆,3
青豆萁,3
酒酿,3
青铜,1
筒骨,4
硒鼓,2
晒鼓墨盒,1
打包盒,4
打包袋,4
打印出来的纸,1
打印后的彩色照片,2
打印机,1
打印机墨盒,2
打印机色带,2
打印纸,1
打印间碎纸,1
打底裤,1
打气筒,1
体温计,2
打火机,4
打碎的碗,4
体重秤,1
桔,3
魔力擦,4
兔头,3
桔子,3
桔子皮,3
兔子粪便,3
魔方,4
桔普茶,3
荔枝,3
荔枝壳,3
荔枝干壳,3
荔枝核,3
荔枝皮,3
桔柑,3
桔梗,3
兔毛,4
魔笔,4
兔肉,3
魔芋粉包装袋,4
联通卡,4
USB线,1
USB风扇,1
录像带,2
呕吐包,4
呕吐物,3
呕吐物纸巾,4
U型回形针,4
幕布,1
录放机,1
U盘,1
捕蚊灯,1
录音机,1
南瓜,3
南瓜仔,3
南瓜子壳,3
南瓜皮,3
南瓜籽,3
汗衫,1
字贴纸,1
X光片,2
橘子,3
橘子皮,3
橙,3
牙,4
牙刷,4
牙刷头,4
牙套,4
橙子,3
橙子皮,3
橙皮,3
牙签,4
牙签塑料盒,4
牙线,4
牙线棒,4
牙线盒,1
牙膏,4
牙膏壳,4
牙膏皮,4
牙膏盒,1
牙贴,4
牙齿,4
聚乙烯饭盒,4
党参,3
婚戒,1
坚果,4
坚果壳,4
坚果果壳,4
牛,3
牛仔裤,1
牛仔骨,4
牛奶塑料瓶,1
牛奶瓶,1
牛奶盒,1
牛奶袋,4
坛子,4
牛尾,3
牛尾骨,4
牛排,3
牛排包装,4
牛杂,3
牛油果核,3
牛油果皮,3
牛皮筋,4
牛皮纸,1
牛皮纸袋,1
牛筋,3
牛肉,3
牛肉干,3
牛肉干包装,4
牛肉粒包装袋,4
牛肉骨头,4
牛肋骨,4
牛蛙,3
牛蛙骨,3
牛蛙骨头,3
牛角,4
牛轧糖,3
牛鞭,3
牛骨,4
牛骨头,4
牛骨棒,4
作业本,1
瑜伽垫,1
镜子,4
作文书,1
孜然粉,3
镜片,1
杜蕾斯,4
神仙水瓶,1
瑞幸咖啡杯,4
荞麦,3
荞麦面,3
靠垫,1
靠枕,1
屠龙刀,1
卡,4
污损塑料袋,4
污损报纸,4
污损纸张,4
污损纸盒,4
污染严重的纸,4
污染严重的纸张,4
污染严重的纸盒,4
污染报纸,4
污染纸张,4
污染较严重的纸,4
污染较严重的纸张,4
象棋,4
污水袋,4
污渍纸巾,4
象牙,4
橡皮,4
橡皮屑,4
橡皮擦,4
橡皮泥,4
橡皮筋,4
条码纸,4
卡纸,1
橡胶,4
橡胶制品,4
橡胶垫,4
橡胶手套,4
橡胶拖鞋,1
橡胶玩具,1
葡萄,3
葡萄干,3
葡萄柄,3
葡萄梗,3
葡萄皮,3
葡萄籽,3
葡萄酒木塞,4
牡蛎壳,4
牡蛎肉,3
象鼻蚌,3
面,3
面包,3
面包屑,3
面包袋,4
止咳糖浆瓶,2
面巾纸,4
面巾纸包装纸,4
面条,3
面条包装袋,4
止痛膏,2
面粉,3
面粉袋,4
面纸,4
面膜,4
面膜包装纸,4
面膜包装袋,4
面膜外层纸,4
面霜,4
面霜塑料空瓶,1
面霜瓶,1
面饼,3
cd,1
cpu,1
衣夹,4
扣子,4
衣服,1
衣服包装袋,1
衣服半成品,1
衣服吊牌,1
衣服吊牌,4
衣服干洗剂瓶,1
衣服标签,4
衣架,1
档案袋,1
衣物,1
散粉,4
卤料包,4
煤气罐,1
除氧剂,4
除渍剂,2
煤渣,4
除湿剂,4
除湿包,4
除湿机,1
除湿盒,1
除湿盒,4
除湿袋,4
煤灰,4
卤素灯,2
卤素灯泡,2
除草剂,2
啤酒瓶,1
啤酒瓶盖,1
啤酒瓶盖,4
啤酒盖,1
啤酒罐,1
煤饼,4
汤骨,4
入厕用纸,4
遥控器,1
遥控车,1
步步高学习机,1
奥特曼卡片,1
奥特曼玩具,1
健身器材,1
书,1
书包,1
车厘子,3
车厘子核,3
书本,1
书架,1
书法纸,1
车票,4
书籍,1
车钥匙,4
荧光棒,4
荧光灯,2
荧光灯管,2
荧光笔,4
荧幕,1
照片,2
照片纸,2
照相机,1
照相机电池,2
票,4
杨桃,3
杨梅,3
杨梅干,3
杨梅核,3
全棉时代纸巾,4
iPad,1
iPhone,1
ipad,1
iphone x,1
摩丝,4
摩丝罐,4
彩妆,4
孩子尿片,4
摩易擦,4
彩泥,4
彩电,1
彩票,4
彩笔,4
彩色玻璃,1
彩色笔,4
彩色铅笔,4
剩莱,3
剩菜,3
剩菜剩饭,3
剩餐,3
剩饭,3
剩饭剩菜,3
剪刀,1
剪子,1
剪纸,4
番茄,3
番茄梗,3
番茄沙司,3
番茄皮,3
番茄酱,3
番茄酱包装袋,4
番茄酱瓶,1
番薯,3
火锅,3
火锅底料,3
火锅汤底,3
火锅渣,3
火锅蘸酱,3
扫帚,4
卫生卷纸,4
卫生巾,4
卫生巾包装袋,4
卫生巾外包装,4
卫生巾外层薄塑料纸,4
卫生巾外层薄塑纸,4
卫生护垫,4
卫生棉条,4
卫生棒,4
卫生纸,4
卫生纸内芯,1
卫生间废纸,4
卫生间用纸,4
卫生间纸,4
火鸡骨头,3
虫,3
扫地机,1
扫地机器人,1
火机,4
虫子,3
卫衣,1
火车票,4
kindle,1
kt板,1
火腿,3
火腿肠,3
火腿肠包装纸,4
扫把,4
火龙果,3
火龙果皮,3
八宝粥,3
八宝饭,3
扫描仪,1
八角,3
睫毛刷,4
睫毛膏,4
火柴,4
led灯,2
公丁香,3
公交卡,1
公仔,1
马克杯,4
马克笔,4
马夹袋,4
马应龙,2
硬式磁碟机,1
公文包,1
硬板纸,1
马桶刷,4
马桶盖,1
马甲袋,4
硬盘,1
硬纸板,1
马肉,3
衬衣,1
衬衫,1
硬贝壳,4
硬质塑料瓶,1
马铃薯,3
马铃薯片,3
饭,3
饭团,3
饭团包装,4
饭汁,3
灭火器,1
饭盒,4
饭菜,3
灭蚊剂,2
灭蚊剂瓶,2
灭蚊灯,4
灭蚊片,4
name,sortId
饮料利乐包装,1
饮料玻璃瓶,1
饮料瓶,1
饮料瓶标签,4
饮料瓶盖,1
普洱茶,3
置物架,1
腮红,4
轮胎,1
煮花生壳,3
普通塑料袋,4
遮阳帽,1
药,2
药丸,2
药剂,2
药包装,2
药品,2
药品包装袋,2
药品纸盒,2
药品说明书,1
杯垫,1
软塑料隔热垫,1
药壶,2
杯子,4
药布,2
软木塞,4
药材,3
软桶,1
药水玻璃瓶,2
灯泡,2
药液袋,2
药渣,3
灯炮,2
药片包装,2
药片铝塑包装,2
软玻璃,1
药瓶,2
软盘,4
灯管,2
软糖,3
药膏,2
药膏包装壳,2
软膜撕拉面膜,4
软骨,3
灰,4
pp管,1
印台,4
饰品,4
灰土,4
数字音乐播放器,1
数学书,1
灰尘,4
腰带,1
数据线,1
腰果,3
走油肉,3
印泥,4
印章,4
买菜的包装袋,4
葱,3
山东煎饼,3
影印纸,1
酱料,3
山楂,3
山楂干,3
山楂片,3
酱汁,3
酱油包装袋,4
酱油瓶,1
酱油袋,4
葱油饼,3
山竹,3
山竹壳,3
山竹核,3
山芋,3
山芋皮,3
山药,3
酱菜瓶,1
葱蒜,3
驱蚊手环,4
驱蚊瓶,1
驱蚊贴,4
驱蚊香片,4
干冰,4
干冰袋,4
干净塑料,1
干净无油食品包装袋,4
干净的纸杯,4
干净饮料瓶,1
干发巾,4
干发帽,1
干垃圾,4
干拉圾,4
干拌面,3
饲料,3
饲料袋,4
干果,3
干果仁,3
干枯玫瑰花,3
干枯花,3
干树叶,3
干桂圆壳,3
干燥剂,4
干电池,2
干电池（无汞）,4
牲畜粪便,3
敲碎的碗,4
干脆面,3
干花,3
干花,4
干花生壳,3
干草,4
干草包装袋,4
干货,3
干辣椒,3
干面条,3
干面粉,3
米,3
关东煮纸杯,4
关东煮隔热杯套,1
味全果汁瓶,1
即冲奶茶包装盒,1
乳制品,3
乳垫,4
平常喝的茶叶,3
平底锅,1
女性卫生用品,4
平板玻璃,1
平板电脑,1
乳液瓶,1
乳液罐,1
乳牙,4
女生内衣,4
味精,3
乳胶,4
乳胶漆,2
平菇,3
米虫,3
平角裤,4
米饭,3
婴儿尿不湿,4
婴儿尿布,4
婴儿纸尿裤,4
浴室防滑垫,1
浴巾,4
浴帘,1
浴帽,4
婴幼儿尿布,4
婴幼儿纸尿裤,4
浴沙,4
年糕,3
浴花,4
浴霸灯,1
浴霸灯泡,2
葵花子壳,3
葵花籽,3
葵花籽壳,3
其他垃圾桶,1
其他玻璃制品,1
其他金属制品,1
奶嘴,4
陶器,4
陶土花瓶,4
奶油,3
陶泥,4
奶片,3
陶瓷,4
陶瓷刀,4
陶瓷制品,4
陶瓷杯,4
陶瓷烟灰缸,4
陶瓷盘子,4
陶瓷碗,4
陶瓷碗碟,4
陶瓷类废弃物,4
陶瓷花瓶,4
陶瓷花盆,4
奶盒,1
奶粉,3
奶粉勺子,4
奶粉桶,1
奶粉盖,4
奶粉罐,1
奶粉罐铝盖,1
陶罐,4
奶罩,4
奶茶中的珍珠,3
奶茶塑料杯,4
奶茶塑料盖,4
奶茶杯,4
奶茶盖,4
奶茶纸杯,4
奶酪,3
荷兰猪毛,4
荷包蛋,3
荷叶,3
筷子,4
海带,3
海带子壳,3
海底捞锅底,3
海报,1
敷料,4
海星,3
海洋球,1
卷烟,4
海瓜子壳,3
卷笔刀,4
卷筒纸,4
卷筒纸内芯,1
卷筒纸包装,4
卷筒纸外包装,4
卷筒纸芯,1
卷纸内芯,1
卷纸芯,1
海绵,4
海绵垫,4
海绵粉扑,4
海绵纸,4
海绵蛋,4
海胆,3
海胆壳,4
海苔,3
海苔袋子,4
海藻,3
海螺,4
海螺壳,4
起钉器,1
海鲜,3
xbox,1
x光片,2
x光胶片,2
酸奶利乐包装盒,1
酸奶勺,4
酸奶吸管,4
酸奶杯,1
酸奶杯盖,4
酸奶玻璃瓶,1
酸奶瓶,1
酸奶盒,1
酸奶盖,4
酸奶袋,4
卸妆乳瓶,4
卸妆巾,4
卸妆棉,4
卸妆油,4
卸妆油瓶,4
卸妆油空瓶,1
卸妆纸巾,4
卸妆纸片,4
卸妆膏,4
卸甲水,2
卸甲油,2
卸甲膜,2
酸豆角,3
项链,1
zippo打火机,4
饺子,3
饺子皮,3
空气净化器过滤网,1
空气清新剂罐,4
空灭火器,1
空煤气罐,1
空罐头,1
空药瓶,2
空调,1
空调两用风扇,1
空调扇,1
空调机,1
空调清洗消毒液瓶,2
空调滤芯,4
空调遥控器,1
空酒瓶,1
智齿,4
养乐多瓶,1
养乐多盖,4
登山杖,1
死昆虫,3
登机牌,4
死瓜皮,3
养生壶,1
死老鼠,3
死花,3
轻质彩泥,4
养身壶,1
死鱼,3
鱼,3
鱼内脏,3
鱼刺,3
呼叫器,1
呼啦圈,1
鱼头,3
饼干,3
饼干包装袋,4
饼干盒,1
饼干袋,4
鱼汤,3
鱼油胶囊,2
鱼的内脏,3
鱼皮花生,3
鱼竿,1
鱼类,3
鱼缸,1
鱼网,4
鱼肉,3
鱼肠,3
鱼虾,3
鱼饲料,3
鱼骨头,3
鱼鳞,3
鱼鳞鱼肠,3
白板擦,4
白板笔,4
汽水瓶,1
白炽灯,1
白炽灯,2
白炽灯泡,2
白煮蛋,3
白煮蛋壳,3
白瓜子,3
白砂糖,3
白米虾,3
白糖,3
白纸,1
白茶,3
白菜,3
汽车模型,1
汽车空气滤清器,1
汽车雨刮器,4
白酒瓶,1
虾,3
虾仁壳,3
艾叶,3
百叶窗,1
虾壳,3
虾头,3
松子,3
松子壳,3
签字笔,4
松木猫砂,4
百洁布,4
艾灸条,4
艾灸渣,4
艾灸贴,4
虾皮,3
虾米,3
松紧带,4
虾肉,3
松节油,2
艾草,3
艾草灰,4
晾衣夹,4
晾衣杆,1
晾衣架,1
百香果壳,3
西洋参,3
西餐糕点,3
板栗,3
板栗壳,3
长生果,3
使用的餐巾纸,4
使用过的卫生巾,4
使用过的安全套,4
使用过的猫砂,4
使用过的面膜,4
使用过的餐盒,4
湿头发,4
长尾夹,1
广告单,1
广告单页,1
广告塑料,4
广告用纸,1
广告纸,1
广告纸片,1
广告颜料,4
湿塑料袋,4
长筒连裤袜,4
避孕套,4
避孕套包装,4
避孕套包装盒,4
避孕药,2
湿面巾纸,4
湿卫生纸,4
西葫芦,3
齿轮,1
西药,2
西药瓶,2
湿灰尘,4
西兰花,3
西兰花梗,3
长靴,1
湿海绵,4
鱿鱼,3
鱿鱼丝,3
湿垃圾袋,4
西梅核,4
湿厕纸,4
湿厕纸包装袋,4
西红柿,3
湿报纸,4
腿骨,4
湿纸,4
湿纸巾,4
湿纸巾包装,4
湿纸巾包装袋,4
湿纸箱,4
湿抹布,4
西装,1
西柚,3
湿毛发,4
长毛绒,1
西瓜,3
西瓜子,3
西瓜皮,3
西瓜籽,3
板蓝根冲剂,2
湿烟头,4
板擦儿,4
湿巾,4
湿巾纸,4
长寿果壳,4
涂改笔,4
涂料,2
涂料桶,2
貂毛,4
节能灯,2
节能灯插座,1
节能灯泡,2
节能灯管,2
节能灯（含水银）,2
垃圾桶,1
垃圾箱,1
垃圾袋,4
螃蟹,3
螃蟹壳,3
薄型塑料袋,4
的确良,1
薄荷叶,3
馄饨皮,3
内存卡,1
内存条,1
超市塑料袋,4
超能胶,4
内脏,3
内衣,4
内衣包装袋,4
内裤,4
领带,1
领结,1
文件夹,1
文件柜,1
文件袋,4
枇杷,3
枇杷核,3
文竹,3
文胸,4
文蛤壳,4
针,4
针头,2
消毒剂,2
消毒棉,4
消毒液瓶,1
消毒液瓶,2
消毒药片,2
针灸针,4
针筒,2
针管,2
消费卡,1
掉下来的牙齿,4
粉笔,4
粉尘,4
粉丝,3
炉渣,4
肉,3
玉,4
肉夹馍,3
掉落的头发,4
钉子,1
粉扑,4
安神补脑液瓶,2
安全套,4
安全套包装袋,4
安全帽,1
玉镯,1
玉米,3
玉米叶,4
玉米塑料袋,3
玉米心,3
玉米杆,3
玉米棒,3
玉米猫砂,3
玉米皮,4
玉米穗,3
玉米粒,3
玉米纤维袋,3
玉米芯,3
玉米衣,4
玉米须,3
肉类,3
肉类包装盒,4
粉饼,4
粉饼盒,4
粉碎后的打印纸,4
粉底,4
粉底液,4
肉骨头,3
肉沫,3
肉蛋加工食品,3
床上用品,1
床单,1
床垫,1
羊大骨,4
蚊子,3
蚊帐,1
羊毛,1
羊毛毯,1
羊毛衫,1
羊毛被,1
羊皮制品,1
床罩,1
羊肉,3
羊肉串棒,4
羊肉骨头,4
羊蝎子,4
羊蝎子骨头,4
蚊香,4
蚊香灰,4
蚊香片,4
羊骨,4
鞋,1
压力罐,1
压力锅,1
醋包,4
芋圆,3
鞋垫,1
芋头,3
鞋带,1
肋排,3
残枝,3
残枝落叶,3
袋泡茶,4
残渣剩饭,3
醋瓶,1
鞋盒,1
压缩瓶,1
压缩饼干,3
残羹,3
芋艿,3
芋艿皮,3
残花,3
醋袋,4
肋骨,4
蚌壳,4
验孕棒,4
二手手机,1
二手衣物,1
二极管,1
蚌肉,3
再生纸,1
鲍鱼,4
鲍鱼壳,4
美妆蛋,4
美容仪,1
碎小肥皂,4
美工刀,1
碎布,1
美年达饮料瓶,1
美术袋,4
美术黏土,4
碎玻璃,1
碎玻璃制品,1
碎玻璃片,1
碎瓷,4
碎瓷片,4
美瞳,4
美瞳包装,4
碎碗,4
碎碗片,4
碎纸,1
碎纸屑,4
碎纸机处理的碎纸,4
美肤仪,1
碎陶,4
碎陶瓷,4
碎骨,3
碎骨头,3
膏药,4
膏药布,2
隐形眼镜,4
隐形眼镜包装盒,1
隐形眼镜护理液,4
隐形眼镜片,4
隐形眼镜盒,4
沐浴乳,4
沐浴球,4
沐浴露塑料空瓶,1
沐浴露玻璃空瓶,1
沐浴露瓶,1
馒头,3
排插,1
炒板栗,3
芒果,3
芒果干,3
芒果核,3
芒果皮,3
排球,1
炒花生壳,3
炒花生米,3
炒菜铁锅,1
炒面,3
排骨,3
输液瓶,2
钓鱼竿,4
钓鱼线,4
钓鱼钩,4
隔夜菜,3
隔夜饭,3
榔头,1
五子棋,4
隔离霜,4
隔离霜空瓶,1
五金材料,1
五香蛋,3
蚕丝,1
枕头,1
枕套,1
枕巾,4
投影仪,1
厕所手纸,4
厕所用纸,4
厕所纸,4
底片,4
厕纸,4
枕芯,1
蚕豆,3
蚕豆壳,3
咖啡,3
咖啡伴侣粉,3
咖啡包,3
咖啡杯套,1
咖啡杯杯盖,4
咖啡残渣,3
咖啡渣,3
咖啡滤纸,4
咖啡粉,3
咖啡纸杯(内表面附塑料膜),4
咖啡胶囊,4
咖啡袋,4
咖啡豆,3
咖啡豆渣,3
咖啡隔热纸,1
咖喱粉,3
暖壶胆,1
暖宝宝,4
暖宝宝帖,4
暖宝宝贴,4
暖水瓶,1
暖瓶,1
暖瓶玻璃内胆,1
首饰盒,1
碗,4
抗光屏,1
窗帘,1
窗玻璃,1
粗盐,3
碗碎片,4
碗碟,4
窗纱,4
粘冲板,4
粘土,4
粘尘纸,4
折扇,4
粘毛滚纸,4
粘纸,4
碘酒棉球,4
碘酒瓶,2
粘鼠板,4
粘鼠胶,2
沙包,4
香水瓶,1
墙刷,4
龙眼壳,3
钙片,2
香蕉,3
香蕉干,3
香蕉皮,3
料酒瓶,1
写字纸,1
墙灰,4
龙虾,3
龙虾壳,3
龙虾片,3
香皂,4
香袋,4
香肠,3
香肠壳,4
香肠竹签,4
香榧子壳,3
香薰玻璃瓶,1
香薰球,4
墙纸,4
香精瓶,1
香菇,3
写过的草稿纸,1
沙拉袋,4
沙拉酱,3
沙拉酱瓶,1
香囊,4
沙发,1
香烛,4
香瓜子,3
香瓜皮,3
香烟,4
香烟壳,1
香烟头,4
香烟灰,4
香烟灰烬,4
香槟瓶,1
香烟盒,1
香烟蒂,4
香烟过滤嘴,4
亚克力,1
亚克力板,1
亚克力胶水,4
厚型塑料袋,4
厚塑料袋,4
厚纸板,1
榛子壳,4
蒜,3
溜冰鞋,1
果冻,3
果冻包装盒,4
果冻包装袋,4
果冻壳,4
果冻杯,1
果冻盒,4
蒜头,3
鲜奶盒,1
袜子,1
袜子,4
颜料,4
颜料板,4
颜料盒,4
颜料笔,4
果核,3
溜溜球,4
果皮,3
蒜皮,3
果皮,3
蒜皮,3
果粒,3
喜糖,3
喜糖铁盒子,1
果肉,3
鲜肉月饼,3
鲜花,3
鲜花瓣,3
鲜花饼,3
喜茶杯,4
农药,2
农药片,2
农药瓶,2
果酱,3
果酱瓶,1
芝士,3
芝士片,3
喝完的药瓶,2
宝特瓶,1
喝过的奶茶杯子,4
喝过的茶叶,3
喝过的茶叶渣,3
芝麻,3
芝麻酱,3
办公桌,1
办公用纸,1
废锁头,1
废弃地毯,1
废弃塑料文具,1
废弃布包,1
废弃植物,3
废弃灯泡,2
废弃电线,1
废弃的纸张,4
废弃药瓶,2
废弃衣服,1
废弃计算机,1
废弃调味品,3
废弃调味料,3
废弃食品袋,4
废弃食用油,3
废植物,3
废踏垫,4
熟鸡蛋,3
熟鸡蛋壳,3
废温度计,2
钟,4
废键盘,1
废水银温度计,2
废水银血压计,2
废电视,1
废电路板,1
废血压计,2
碟片,4
废镍镉电池,2
粟子壳,3
原子笔,4
废塑料,1
废橡胶,4
废衣服,1
废书,1
废荧光灯管,2
钟表,1
废灭火器,1
废药,2
废药品,2
原味鸡,3
熟虾壳,3
废节能灯,2
废农药,2
废钥匙,1
废报纸,1
废花盆,4
废家电,1
废纸,4
废纸张,1
废抹布,4
废油漆,2
废铁,1
废金属,1
熟菜,3
废铜烂铁,1
废铝,1
废食用油瓶,1
原珠笔,4
废旧吸铁石,1
废旧小家电,1
废旧报纸,1
废旧抹布,4
废旧木柴,1
废旧电子产品,1
废台式机,1
废直式日光灯管,2
废胶片,2
废瓷砖,4
废矿物油,2
加工类食品,3
加湿器,1
宠物屎垫,4
宠物毛,4
宠物毛发,4
宠物粪便,3
宠物饲料,3
宠物饲料包装袋,4
芡实糕,3
没用过尿片,4
没用过的尿不湿,4
没用过的纸杯,4
计算器,1
计算机,1
钢丝,1
钢丝球,4
订书机,1
订书机钉,4
订书针,4
订书钉,4
订书钉机,4
钢化玻璃,1
钢化膜,1
钢化膜,4
钢尺,1
红枣,3
红枣核,3
红烧肉,3
钢琴,1
钢笔,4
红笔,4
钢笔,4
红笔,4
钢笔里的墨囊,4
红糖,3
红肠,3
红茶包,4
红薯,3
红薯皮,3
红豆,3
红豆糕,3
红辣椒,3
红酒塞,4
红酒瓶,1
红领巾,1
枣,3
宣传册,1
宣传单,1
宣传页,1
枣子核,3
辣条,3
辣条包装袋,4
枣核,3
辣椒,3
宣纸,4
辣酱,3
护发精油,4
护发素塑料空瓶,1
护发素瓶,1
护垫,4
护手霜,4
护理垫,4
护目镜,4
护肤乳液瓶,1
护肤品,4
护肤品塑料空瓶,1
护肤品玻璃空瓶,1
护肤品玻璃罐,1
护肤品瓶,1
护肤霜玻璃空瓶,1
护肤霜瓶,1
护脸霜塑料空瓶,1
护脸霜玻璃空瓶,1
护脸霜瓶,1
交通卡,1
粥,3
报刊,1
钥匙,1
冥币,4
报废车辆,1
肥料,4
芥末包装,4
沥水架,1
肥皂,4
报纸,1
接线板,1
麦丽素,3
润发乳,4
润发乳空瓶,1
润唇膏,4
麦子,3
麦当劳咖啡杯杯盖,1
麦当劳咖啡杯杯盖（印有可回收标志）,1
麦当劳炸鸡,3
麦当劳纸盒,4
麦当劳纸袋,1
润滑剂,4
润滑油,4
麦片,3
麦秆,3
芦稷,3
芦稷皮,4
润肤乳,4
润肤霜,1
润肤霜玻璃空瓶,1
芦苇叶,4
芦荟,3
碧根果壳,4
碧根果肉,3
座椅垫,1
碧然德过滤芯,4
梨,3
钨丝,1
钨丝灯,1
钨丝灯泡,2
厨余,3
厨余垃圾,3
厨余果皮,3
膨化食品,3
膨化食品包装,4
膨化食品包装袋,4
墨囊,4
骨头,3
骨头,4
储奶袋,4
厨房垃圾,3
厨房垃圾袋,4
厨房手套,4
厨房用纸,4
厨房纸,4
厨房纸巾,4
榨果汁机,1
梨核,3
墨水瓶,1
榨汁机,1
墨汁瓶,1
膨润土猫砂,4
动物内脏,3
动物尸体,3
动物毛,4
动物粪便,3
墨盒,1
墨粉,4
骨肉相连,3
墨胆,4
榨菜,3
榨菜袋,4
墨襄,4
墨镜,4
墨鱼,3
玩偶,1
玩具,1
玩具塑料包装纸盒,1
玩具塑料盒,1
玩具枪,1
玩具盒,1
身体乳,4
被单,1
被套,1
被子,1
垫子,1
被子,1
被污染的垃圾袋,4
被油污污染过的报纸,4
玫瑰,3
玫瑰花,3
被芯,1
披萨,3
披萨盒,4
披萨饼盒,4
鲫鱼,3
冬枣,3
冬枣核,3
冬瓜,3
冬瓜皮,3
冬瓜籽,3
冬笋,3
冬笋壳,3
咬过的口香糖,4
炭包,4
梭子蟹,3
梭子蟹壳,3
芭比娃娃,1
鞭炮,4
芭蕉叶,3
皮具,1
皮包,1
皮夹,1
皮尺,1
皮屑,4
皮带,1
钮扣,4
钮扣电池,2
皮料,1
微波炉,1
皮球,1
皮皮虾壳,4
皮筋,4
皮箱,1
肮脏塑料袋,4
皮草制品,1
皮蛋,3
皮蛋壳,3
皮衣,1
皮质钱包,1
皮革,1
皮革制品,1
皮靴,1
皮鞋,1
粮食,3
环保布质垃圾袋,1
环保袋,1
枯叶,3
肯德基炸鸡,3
肯德基番茄酱包装袋,4
肯德基纸袋,1
肯德基豆浆杯盖,1
肯德基豆浆杯盖（印有可回收标志）,1
薯条,3
枯枝,3
枯树叶,3
薯格,3
纯棉靠垫,1
纯棉靠枕,1
环氧树脂,4
芯片,1
薯片,3
薯片包装袋,4
薯片外包装,4
薯片盒,4
薯片罐,4
薯片袋,4
纯牛奶纸盒,1
枯萎的花,3
枯萎的鲜花,3
枯萎花束,3
枯萎花草,4
记号笔,4
冰宝贴,4
冰柜,1
冰棍棒,4
冰棒外包装,4
冰棒棍,4
冰棒皮,4
冰淇淋,3
冰淇淋包装袋,4
冰淇淋盒,1
冰淇淋纸,4
冰淇淋纸杯,4
冰激凌,3
冰激凌木棒,4
冰激淋,3
冰箱,1
冰箱贴,4
冰糖,3
冰红茶利乐包装,1
薰衣草,3
冰袋,4
冰贴,4
花,3
花卉,3
花卉植物,3
花卉绿植,3
纱布,4
碱性无汞电池,4
碱性电池,4
花朵,3
抱枕,1
花椒,3
花椒粉,3
花椰菜,3
花泥,4
花洒,1
花洒软管,1
花瓣,3
花生,3
花生壳,3
花生衣,3
花生酱,3
花甲,3
花甲,4
花甲壳,3
花甲粉,3
花盆,4
纱窗,4
花篮,4
纱线手套,1
花肥,4
花茶渣,3
花草茶渣,3
花蛤,3
花蛤,4
花蛤壳,4
花蛤肉,3
花螺,4
花露水玻璃空瓶,1
花露水瓶,1
液体胶,4
液体蚊香,4
液体蚊香瓶,4
蒲公英,3
液晶屏,1
液晶电视,1
冲泡饮料,3
莲蓬,3
莲藕,3
莲雾,3
碳包,4
咳嗽糖浆,2
咳嗽药水瓶,2
咳嗽药片,2
梳子,4
碳性电池,4
足浴袋,4
碳灰,4
足球,1
纳米海绵,4
碳粉匣,1
碳粉盒,2
碳纤维,4
河虾,3
河蚌,4
河蚌壳,4
河豚,3
足贴,4
莴苣,3
榴莲,3
榴莲,4
榴莲壳,4
榴莲干,3
榴莲核,4
榴莲肉,3
榴莲酥,3
家养盆栽,3
家养绿植,3
家养花卉,3
家庭盆栽树叶,3
家庭绿化,3
家庭花卉,3
家电,1
家电家具,1
家禽内脏,3
德克士炸鸡,3
冷冻食品,3
喷火枪,1
喷蟑螂瓶,2
冷饮,4
冷饮包装,4
冷饮包装纸,4
冷饮棒,4
冷饮袋,4
纸张,1
纸张类,1
纸张鞭炮,4
咸鸡,3
炸鸡,3
咸鸡,3
炸鸡包装袋,4
炸鸡腿,3
纸质包装袋,4
纸质卡片,1
纸质印刷品,1
纸质吸管,3
纸质商标,4
纸质外卖盒,4
纸质杯套,1
纸质档案袋,1
纸质礼品盒,1
纸质说明书,1
纸质账单,1
纸质购物袋,1
纸,1
纸,4
咸鸭蛋壳,3
纸制糖果礼盒,1
纸吸管,3
纸尿裤,4
纸牌,1
纸塑铝复合包装,1
纸筒,1
枸杞,3
纸饭盒,4
纸杯,4
纸药盒,2
咸鱼,3
蒸汽眼罩,4
纸板箱,1
纸袋子,1
纸咖啡杯,4
纸皮核桃,4
纸箱,1
咸蛋,3
咸蛋壳,3
咸蛋黄,3
纸盒,1
咸菜,3
纸团,4
沸石猫砂,4
纸胶带,4
纸巾,4
纸巾包装袋,4
纸巾外包装,4
纸巾盒,1
纸巾袋,4
油脂,4
抹布,4
油漆,2
油漆桶,2
油漆稀释剂,2
油漆笔,2
油渍的报纸,4
油性笔,4
油画,4
油画刷,4
油画棒,4
油画颜料,4
油画颜料软管,4
油桃核,3
油桃肉,3
油条,3
油条包装袋,4
油污布,4
油污湿巾纸,4
油污纸,4
油桶,1
油腻的餐巾纸,4
点钞机,1
油墩子,3
方便筷,4
方便面,3
方便面包装袋,4
方便面叉子,4
方便面桶,4
方便面盒,4
方便面袋,4
方便面调味包,4
方便面调味料,4
方便面面条,3
点心盒,1
芹菜,3
芹菜叶,3
油烟机油脂,3
油壶,1
螺丝,1
螺丝刀,1
螺丝钉,1
螺帽,1
躺椅,1
螺狮,3
螺狮壳,3
纺织品,1
纺织布,1
纺织物,1
螺蛳,3
螺蛳壳,3
螺蛳粉,3
螺蛳肉,3
人造奶油,3
人造玻璃,1
人造纤维,4
人造革,1
螺钉,1
麻布,1
麻将台,1
麻将牌,4
钻戒,1
钻笔,4
钻头,1
冻干粉,2
冻干粉面膜,4
玻璃,1
玻璃制品,1
玻璃制容器,1
玻璃器皿,1
玻璃壶,1
玻璃密封容器,1
玻璃尺,1
玻璃摆件,1
玻璃放大镜,1
玻璃杯,1
玻璃渣,1
玻璃烟灰缸,1
玻璃烟缸,1
玻璃瓶,1
玻璃电子秤,1
玻璃盆,1
玻璃碎片,1
玻璃罐,1
玻璃胶,4
玻璃花瓶,1
玻璃药瓶,2
玻璃蜡烛杯,1
玻璃锅盖,1
玻璃餐具,1
麻袋,4
麻辣烫,3
麻辣香锅残渣,3
麻花,3
麻油瓶,1
离心纸,4
去黑头鼻贴,4
钻石,1
麻绳,4
炼乳壳,4
粽叶,4
粽子 包扎线,4
粽子包裹绳,4
粽子皮,4
粽子馅,3
抽完的烟蒂,4
施工安全帽,1
纽扣,4
纽扣电池,2
纽扣（少量）,4
羽毛,4
羽毛球,4
羽毛球拍,1
羽毛球拍,4
徽章,4
宽粉,3
宽粉条,3
抽纸,4
抽纸塑料袋,4
羽绒服,1
羽绒被,1
沾了油污的报纸,1
沾了菜油的餐巾纸,1
达克宁药膏,2
达克宁药膏皮,2
精华液塑料空瓶,1
精华液玻璃空瓶,1
精华液瓶,1
精华玻璃瓶,1
沾有墨水的纸,4
沾有油渍的食品包装袋,4
线,4
便利贴,4
线团,4
便条贴,4
便签,4
便签纸,4
便纸,4
线路板,1
净化器滤芯,4
净水器,1
净水器滤芯,4
净水滤芯,4
淀粉,3
擀面杖,1
铁,1
铁丝,1
证书,1
证件塑料壳,4
证件外包装,4
铁制品,1
磁力片,4
磁力贴,1
磁卡,4
铁圈,1
铁块,1
铁尺,1
磁带,4
磁带播放器,1
铁杯,1
铁架,1
铁桶,1
铁棍,1
铁棍山药,3
磁片盒,1
铁皮盖,1
铁皮罐头,1
铁盒,1
铁盒子,1
磁盘盒,1
鋁箔,1
铁管,1
壁纸,4
铁罐,1
铁罐子,1
铁衣架,1
铁观音,3
铁调羹,1
铁钉,1
铁钩,1
磁铁,1
铁锤,1
烂桃,3
烂桔,3
烂水果,3
烂苹果,3
烂菜叶,3
烂蔬菜,3
铂金纸,4
烂香蕉,3
烂黄瓜,3
练习册,1
练习本,1
燃气灶,1
燃气罐空瓶,1
燃油罐,1
燃油罐空瓶,1
铃铛,1
寄居蟹,4
黄杏核,3
黄桃,3
黄桃罐头,1
黄油,3
黄油包装纸,4
黄瓜,3
黄瓜皮,3
蓄电池,2
黄芪,3
黄豆,3
黄金,1
黄鱼,3
病人换下来的纸尿裤,4
装修废弃物,4
装塑料的塑料袋,4
翅尖,3
担担面,3
铅桶,1
旅游时报,1
雅漾喷雾,4
铅球,1
铅笔,4
铅笔屑,4
铅笔盒,1
铅笔芯,4
必胜客纸盒,4
铅芯,4
铅蓄电池,2
装蔬菜的塑料袋,4
旅行箱,1
旅行袋,1
装订铁圈,1
情趣内衣,4
装过湿垃圾的塑料袋,4
铅酸电池,2
盆子,4
密封袋,4
集成电路板,1
盆栽,3
盆栽树叶,3
盆栽植物,3
密码锁,1
密胺碗,1
密胺餐具,1
织带,4
过朝食品,3
过期保健品,2
过期化妆品,4
过期口红,4
过期大米,3
过期巧克力,3
过期感冒药,2
过期护肤品,4
过期指甲油,2
过期燕麦片,3
过期的燕麦片,3
过期的胶囊药物,2
过期粮食,3
过期糕点,3
过期糖,3
过期芝士,3
过期茶叶,3
过期药,2
过期药品,2
过期药片,2
过期西药,2
过期调味料,3
过期防晒霜,4
过期隐形眼镜,4
过期零食,3
过期食品,3
过期饼干,3
过滤器,4
过滤盒,4
过滤网,1
过滤芯,4
过滤袋,4
织物,4
蛇皮袋,1
蛇皮袋,4
哈密瓜,3
哈密瓜皮,3
哈密瓜籽,3
棉,1
叉子,1
棉布,1
凉席,4
拉拉裤,4
棉拖鞋,1
拉杆箱,1
棉柔巾,4
棉棒,4
叉烧,3
叉烧酥,3
棉球,4
凉皮,3
棉签,4
棉签盒,1
棉线,4
棉绳,4
棉花,4
棉花棒,4
棉花球,4
棉花被,1
拉菲草,3
棉袄,1
棉袜,1
棉被,1
拉链,4
凉鞋,1
珊瑚,4
蛋,3
蛋卷,3
蛋壳,3
蛋挞,3
蛋挞壳,4
蛋挞托,4
蛋挞皮,3
蛋挞盒,1
蛋白,3
蛋类,3
蛋糕,3
蛋糕盒,4
蛋糕袋,4
秋衣,1
秋裤,1
凋谢的 鲜花,3
凋谢的鲜花,3
蛋黄,3
蛋黄酥,3
蛋黄酥包装盒,4
背包,1
背心,1
双眼皮贴,4
里脊肉,3
菌菇,3
富贵竹,3
双面胶,4
双面胶带,4
珍宝蟹,4
拍拍净瓶罐,1
珍珠,1
珍珠奶茶杯,4
珍珠米,3
拍立得,1
苍蝇,3
苍蝇拍,4
风干食品,3
风扇,1
风油精,4
风油精瓶,4
风筝,4
风衣,1
黏土,4
蛏子壳,4
藏红花,3
减震泡泡膜,4
盐,3
运动服,1
运动鞋,1
盐包装袋,4
盐水花生,3
盐水花生壳,3
盐水鸭,3
盐酸伐昔洛韦片,2
发圈,4
金霉素眼药膏,2
发霉食物,3
金戒指,1
黑椒牛排,3
金丝皇菊,3
发蜡,4
发带,4
黑木耳,3
黑猪,3
发夹,4
黑豆,3
黑框眼镜,4
金手链,1
金华火腿,3
金子,1
金属,1
金属元件,1
金属制容器,1
金属制菜篮子,1
金属厨具,1
金属哑铃,1
金属工具,1
金属拉链,1
金属拖把杆,1
金属文件柜,1
金属晾衣杆,1
金属汤匙,1
金属瓶盖,1
金属盒,1
金属管,1
金属罐,1
金属衣架,1
金属钥匙扣,1
金属锅,1
金属门吸,1
金属零件,1
金属香炉,1
金属鱼钩,1
发卡,4
跑步机,1
金器,1
发票,4
发饰,4
金项链,1
金鱼,3
黑板,1
滑板,1
黑板,1
黑板擦,4
蟑螂,3
蟑螂丸,2
蟑螂药,2
蟑螂贴,4
金针菇,3
发箍,4
金枪鱼罐头,1
哑铃,1
黑珍猪,3
发泡网,4
发热包,4
发胶,4
黑胶唱片,4
棒冰包装袋,4
棒冰棍,4
插头,1
绒娃娃,1
插座,1
插排,1
棒棒糖,3
棒棒糖棒子,4
插线板,1
绒线衣,1
盒饭,3
棒骨,4
毒鼠强,2
染发剂,2
染发剂壳,2
染发剂罐,2
染发手套,2
染发料瓶,2
染发膏,2
结团猫砂,3
结婚证书,1
结成团的猫砂,4
仓鼠垫沙,4
痔疮膏,2
泔脚,3
柔顺剂瓶,1
试卷,1
棕叶,4
棕子叶,4
棕子皮,4
燕尾夹,1
棕榈蜡,1
糕点,3
藕片,3
燕窝,3
试纸,4
糕饼,3
燕麦,3
燕麦片,3
糖,3
糖包,4
取号纸,4
糖和藕粉,3
胖大海,3
拖把,4
拖把桶,1
糖果,3
糖果皮,4
糖果盒,1
糖果罐,1
糖浆包,4
糖纸,4
拖线板,1
糖葫芦棍,4
菖蒲叶,4
拖鞋,4
狗尿垫,4
狗尿布,4
狗屎垫,4
狗屎纸,4
狗毛,4
受污染纸张,4
受污纸巾,4
受潮的纸张,1
狗粮,3
受过污染的纸,4
默写本,1
高压锅,1
烘培纸,4
淘宝纸盒,1
高密度碎纸机处理的碎纸,4
高尔夫球杆,1
盘尼西林,2
烘山芋皮,3
烘干机,1
变形金刚,1
烘手器,1
绘本,1
烘焙纸,4
痘痘贴,4
高粱,3
高裤腰带,4
变质的食物,3
变质食品,3
高跟鞋,1
高铁酸钾,2
高附加值可回收物,1
仙人掌,3
仙人球,3
给药器,2
柚子核,3
柚子皮,3
毛发,4
毛巾,4
盛放厨余果皮的垃圾袋,4
毛毛虫,3
毛毯,1
毛皮,1
毛竹,4
毛笔,4
毛笔写过的纸,4
毛线,1
毛绒垫,1
毛绒玩具,1
毛衣针,4
盛装湿垃圾的垃圾袋,4
毛豆壳,3
毛豆皮,3
毛豆结,3
毛领子,1
姜,3
菜,3
瓜,3
姜,3
铜丝,1
菜刀,1
铜制品,1
菜叶,3
瓜子,3
瓜子仁,3
瓜子壳,3
瓜子皮,3
菜板,4
瓜果,3
菜根,3
菜梗,3
菜梗菜叶,3
菜椒,3
菜渣,3
铜牌,1
铜皮,1
菜皮,3
瓜皮,3
铜管,1
姜糖,3
铜线,1
菜花,3
菜饭,3
鳜鱼,3
藜麦,3
铝锅,1
铝合金,1
保温壶,1
保温材料,4
保温杯,1
保温棉,4
保温瓶,1
保温袋,1
铝,1
铝制品,1
铝罐,1
蓝罐曲奇盒,1
铝塑复合管,1
话筒,1
蓝牙耳机,1
保健品,2
保健品瓶子,2
保险套,4
保险箱,1
保湿喷雾,4
保龄球,1
保龄球,4
话梅,3
话梅壳,3
话梅核,3
话梅肉,3
蓝莓干,3
铝箔,1
铝箔包,4
铝箔纸,1
铝箔袋,1
保暖杯,1
保暖瓶,1
铝膜,1
保鲜冰袋,4
保鲜膜,4
保鲜膜带齿盒,1
保鲜袋,4
铝管,1
保冷剂,4
铝喷雾瓶,1
铝盆,1
铝盖,1
铝瓶,1
凝胶,4
飞刀,1
回形针,4
回收物,1
飞机杯,4
连衣裙,1
连裤袜,1
烟丝,4
食品,3
食品保鲜盒,1
食品保鲜袋,4
食品塑料盒,4
食品密封袋,4
食品干燥剂,4
食品添加剂,3
食品用脱氧剂,4
食品罐头,1
烟屁股,4
槟榔,3
槟榔壳,3
烟灰,4
食物托盘,1
食物残渣,3
食物残渣及宠物饲料,3
食用油,3
食用油桶,1
食用油玻璃瓶,1
烟盒,1
烟盒,4
烟盒内锡纸,4
烟缸,1
烟蒂,4
糠,3
无人机,1
蟠桃核,3
柠檬,3
柠檬皮,3
无汞碱性电池,4
无纺布,1
无纺布,4
无纺布包,1
无纺布手提袋,1
无纺布收纳箱,1
无纺布袋,1
无线充电器,1
无线路由器,1
无花果壳,3
无菌包装塑料,4
无菌注射器包装,4
菠菜,3
菠萝,3
菠萝包,3
菠萝密肉,3
菠萝干,3
菠萝派,3
菠萝皮,3
菠萝蜜,3
菠萝蜜核,4
菠萝蜜肉,3
糠饼,3
章鱼,3
章鱼小丸子,3
满天星,3
胡子,4
信封,1
信封带,1
胡椒粉,3
泡沫,1
泡沫保温箱,1
泡沫塑料,1
泡沫填充,4
泡沫板,1
泡沫盒子,4
泡沫箱,1
泡沫箱属于什么垃圾,1
泡沫餐盒,4
泡沫饭盒,4
泡泡糖,4
胡渣,4
信用卡,1
信纸,1
翡翠手镯,1
泡脚袋,4
泡腾片,2
淡菜,3
泡菜,3
胡萝卜,3
胡萝卜皮,3
泡面,3
泡面桶,4
泡面袋,4
泡面调料包,4
胡须,4
胡须刀,1
泡馍,3
团结猫砂,3
口服液,2
口服液瓶,2
口服液药瓶,2
口红,4
口红盒,4
口罩,4
绣花针,4
口香糖,4
口香糖塑料盒,1
烤串棒,4
裤子,1
滤尘袋,4
藤席,4
滤挂咖啡,4
藤条,1
滤桂咖啡,4
凤梨,3
凤梨皮,3
凤梨酥,3
滤清器,4
古筝,1
烤箱,1
滤纸,4
滤网,4
蛤肉,3
烤肉,3
滤芯,4
藤蔓,3
蛤蜊,4
蛤蜊壳,4
蛤蟆,3
裤袜,1
烤鸡,3
烤鸭,3
工业胶水,2
工业胶片,2
日光灯,2
日光灯管,2
日历,1
泥土,4
泥巴,4
日抛,4
日抛美瞳,4
日报,1
工资卡,1
童鞋,1
擦完嘴的纸,4
擦屎纸,4
擦手巾,4
擦手纸,4
擦拭过的餐巾纸,4
瓦斯桶,1
瓦斯罐,1
瓦楞纸,1
瓦片,4
苦瓜,3
擦眼泪的纸,4
擦碗布,4
擦过鼻涕的纸巾,4
擦鼻涕纸,4
旧锁,1
旧布鞋,1
旧包皮革,1
烧鸡,3
烧水壶,1
旧水槽,4
旧夹子,1
旧帽子,1
旧草帽,4
巧克力,3
巧克力包装袋,4
巧克力盒子,4
巧克力粉,3
巧克力袋子,4
巧克力酱,3
巧克力锡纸,4
旧手提包,1
旧塑料篮子,1
烧卖,3
旧牙刷,4
旧瑜伽垫,1
旧镜子,4
旧衣服,1
旧衣服属于,1
旧书,1
旧书包,1
旧照片,2
旧剪刀,1
旧浴缸,4
烧饼,3
旧鱼缸,4
旧内衣,4
旧鞋,1
旧鞋子,1
旧枕头,1
旧窗帘,1
旧报,1
旧报刊,1
旧报纸,1
旧玩偶,1
旧玩具,1
旧被单,1
旧皮鞋,1
旧纸袋,1
旧抹布,4
旧铁锅,1
旧棉絮,1
旧背包,1
旧运动鞋,1
旧跑鞋,1
旧拖把,4
旧拖鞋,1
旧毛巾,4
旧口罩,4
烧烤木签,4
烧烤棒,4
烧烤竹签,4
烧烤锡纸,4
旧雨伞,4
旧音箱,1
旧相机,1
雨伞,4
雨伞伞面,1
雨伞骨架,1
磨刀器,1
雨刮器,4
姨妈巾,4
注射器,4
雨披,4
磨砂膏,4
磨砂膏塑料空瓶,1
雨衣,4
门锁,1
雨靴,1
雨鞋,1
韩国泡菜,3
早点盒,4
早餐塑料袋,4
早餐奶包装袋,4
早餐谷物,3
自动铅,4
自动铅笔,4
自动铅笔笔芯,4
自嗨锅,4
雪弗板,1
自慰器,1
自慰棒,1
自拍杆,1
自暖包,4
自来水滤芯,4
自热包,4
自热火锅加热包,4
自煮火锅盒,4
雪碧瓶,1
雪碧罐,1
雪糕包装袋,4
雪糕棍,4
雪糕棒,4
雪糕纸,4
雪糕袋,4
雪花酥,3
雪蟹蟹壳,3
自行车,1
自行车内胎,1
自行车轮胎,1
烫伤膏,2
叫化鸡,3
烫发剂壳,4
烫衣板,1
快递冰袋,4
快递包装袋,4
快递单,4
快递盒,1
快递箱,1
快递纸箱,1
快递纸袋,1
快递袋,4
快递贴纸,4
快速面盒,4
快餐盒,4
热敏纸,4
语文书,1
热水瓶,1
热水瓶胆,1
热水袋,1
胭脂,4
园艺土,4
韭菜,3
臭虫,3
臭袜子,4
短裤,4
臭豆腐,3
热饮杯盖,4
臭鸡蛋,3
修正带,4
修正带内芯,4
修正液,4
篮球,1
修眉刀,4
可丽饼,3
可乐杯,4
可乐瓶,1
可乐瓶瓶盖,1
可乐瓶盖,1
可乐空罐,1
可乐罐,1
可口可乐瓶,1
可回收,1
可擦复写笔,4
可擦笔,4
积木,1
路由器,1
糯米,3
糯米纸,3
可降解吸管,3
可降解垃圾袋,3
可降解垃圾袋,4
可降解塑料,1
可降解塑料袋,4
台历,1
台布,1
台灯,1
痰盂罐,1
深海鱼油,2
菱角,3
英语书,1
曲别针,4
曲奇,3
曲奇铁罐,1
音响,1
绳子,1
泳帽,1
石榴,3
石榴籽,3
石灰干燥剂,4
音箱,1
柳絮,4
石膏,4
跳蛋,4
泳衣,1
跳跳糖包装袋,4
石锅,4
泳镜,4
维他奶包装,1
直尺,4
围巾,1
巴旦木,3
巴旦木壳,3
说明书,1
滴漏式咖啡,4
维生素,2
维生素瓶,2
围裙,1
滴露瓶,1
巴黎水玻璃瓶,1
叶,3
胶卷,2
胶卷底片,2
胶合剂,2
胶囊,2
胶囊咖啡,4
胶囊药片,2
胶囊药物,2
叶子,3
胶布,4
胶带,4
胶带纸,4
银戒指,1
银杏果,3
胶棒,4
胶水,4
胶水桶,2
胶片,2
胶画,4
胶纸,4
银耳,3
银行卡,1
银行账单,1
零食,3
零食包装袋,4
零食罐,4
零食袋,4
瓷制品,4
瓷勺,4
混合猫砂,4
瓷器,4
瓷器碎片,4
绷带,4
混沌皮,3
瓷片,4
瓷碎片,4
瓷碗,4
雷达瓶子,2
瓷酒瓶,4
相册,4
绸带,1
相机,1
相框,1
相片,2
相片底片,2
相片纸,2
相纸,2
胸罩,4
胸贴,4
胸针,4
蟹,3
竹制品,4
竹坐垫,4
竹席,4
苹果,3
苹果核,3
苹果派,3
苹果皮,3
苹果耳机,1
苹果肉,3
蟹汁,3
竹炭包,4
竹牙签,4
竹竿,4
竹笋,3
竹笛,4
竹筒,4
竹筷,4
竹签,1
竹篮,4
蟹肉,3
闹钟,1
闹铃,1
固体清香剂,4
固体胶,4
出前一丁面条,3
基围虾,3
基围虾壳,3
勺子,1
移动电源,1
移动硬盘,1
電池,2
导线,1
课本,1
图画,4
图章,4
勾线笔,4
图钉,4
绿化,3
寿司,3
绿植,3
矿水瓶,1
矿泉水桶,1
矿泉水瓶,1
矿泉水瓶子,1
矿泉水瓶盖,1
矿物油,2
矿物猫砂,3
绿箩,3
绿茶包装盒,1
绿萝,3
绿豆,3
绿豆包装,4
绿豆沙,3
绿豆糕,3
绿豆芽,3